blocksize,n_partitions,load_time_sec
128MB,51,78.31662845611572
64MB,103,64.76765203475952
32MB,206,60.735219955444336
16MB,412,58.49189376831055
8MB,824,55.90093994140625
4MB,1649,53.44992423057556
